image_id,file_name,entropy,entropy_quartile,chair_i,is_hallucinating,spatial_spread,entropy_rank,entropy_percentile,entropy_group
27982,000000027982.jpg,6.278231620788574,1,0.3333,True,0.43713575890858186,1,0.002,low_entropy
118594,000000118594.jpg,6.280588150024414,1,0.5,True,0.4186074766888941,2,0.004,low_entropy
85329,000000085329.jpg,6.282041549682617,1,0.0,False,0.4096778335590215,3,0.006,low_entropy
348216,000000348216.jpg,6.28269624710083,1,0.0,False,0.4356931977154976,4,0.008,low_entropy
249180,000000249180.jpg,6.283583641052246,1,0.6667,True,0.4443246752635328,5,0.01,low_entropy
450439,000000450439.jpg,6.288117408752441,1,0.0,False,0.4319869741307077,6,0.012,low_entropy
46804,000000046804.jpg,6.290102958679199,1,0.0,False,0.4097161448334778,7,0.014,low_entropy
202228,000000202228.jpg,6.292134761810303,1,0.5,True,0.414067851889373,8,0.016,low_entropy
350833,000000350833.jpg,6.292326927185059,1,0.3333,True,0.4497941761351964,9,0.018,low_entropy
370478,000000370478.jpg,6.29350471496582,1,0.3333,True,0.41974617581921314,10,0.02,low_entropy
577864,000000577864.jpg,6.293760299682617,1,0.0,False,0.4130790077038922,11,0.022,low_entropy
7784,000000007784.jpg,6.294219493865967,1,0.0,False,0.4014084879992152,12,0.024,low_entropy
302990,000000302990.jpg,6.294268608093262,1,0.0,False,0.4132606843623308,13,0.026,low_entropy
87875,000000087875.jpg,6.295072078704834,1,0.0,False,0.43041816170944974,14,0.028,low_entropy
222118,000000222118.jpg,6.295177459716797,1,0.0,False,0.4088603040212697,15,0.03,low_entropy
776,000000000776.jpg,6.29545783996582,1,0.5,True,0.42582992422643945,16,0.032,low_entropy
355817,000000355817.jpg,6.295865058898926,1,0.5,True,0.42106096542756916,17,0.034,low_entropy
83172,000000083172.jpg,6.296353340148926,1,0.0,False,0.43654711264328844,18,0.036,low_entropy
263860,000000263860.jpg,6.296647071838379,1,0.0,False,0.4265220530374591,19,0.038,low_entropy
551815,000000551815.jpg,6.29695463180542,1,0.3333,True,0.41919882625317173,20,0.04,low_entropy
498286,000000498286.jpg,6.297074317932129,1,0.3333,True,0.4403452389878149,21,0.042,low_entropy
110042,000000110042.jpg,6.297231197357178,1,0.3333,True,0.42713787680392773,22,0.044,low_entropy
46872,000000046872.jpg,6.298544883728027,1,0.3333,True,0.42329540181118736,23,0.046,low_entropy
269682,000000269682.jpg,6.298830986022949,1,1.0,True,0.44715605217505566,24,0.048,low_entropy
322610,000000322610.jpg,6.2990007400512695,1,0.2,True,0.427420175817672,25,0.05,low_entropy
504074,000000504074.jpg,6.299720764160156,1,0.4,True,0.44683120503294826,26,0.052,low_entropy
168337,000000168337.jpg,6.299732208251953,1,0.25,True,0.43899295747330547,27,0.054,low_entropy
224724,000000224724.jpg,6.299761772155762,1,0.4,True,0.4358653251421121,28,0.056,low_entropy
5992,000000005992.jpg,6.299825191497803,1,0.5,True,0.4390533544136678,29,0.058,low_entropy
263299,000000263299.jpg,6.30011510848999,1,0.5,True,0.43510327011970684,30,0.06,low_entropy
61471,000000061471.jpg,6.300154685974121,1,0.25,True,0.43589040358084064,31,0.062,low_entropy
303818,000000303818.jpg,6.300358772277832,1,0.0,False,0.4382661364588197,32,0.064,low_entropy
338718,000000338718.jpg,6.300787925720215,1,0.8,True,0.4349188826389271,33,0.066,low_entropy
489611,000000489611.jpg,6.301257133483887,1,0.6667,True,0.4331161198751616,34,0.068,low_entropy
486112,000000486112.jpg,6.301685333251953,1,0.0,False,0.4365506627765337,35,0.07,low_entropy
71451,000000071451.jpg,6.301821708679199,1,0.0,False,0.4285126122484985,36,0.072,low_entropy
581615,000000581615.jpg,6.302002906799316,1,1.0,True,0.440702443350493,37,0.074,low_entropy
295231,000000295231.jpg,6.302065849304199,1,0.0,False,0.42321317126203106,38,0.076,low_entropy
531036,000000531036.jpg,6.302141189575195,1,0.0,False,0.4276195613906909,39,0.078,low_entropy
121591,000000121591.jpg,6.30216121673584,1,0.0,False,0.4245345993239007,40,0.08,low_entropy
439290,000000439290.jpg,6.302477836608887,1,0.0,False,0.43787427365040926,41,0.082,low_entropy
24610,000000024610.jpg,6.302606582641602,1,0.6,True,0.4268796367007896,42,0.084,low_entropy
273420,000000273420.jpg,6.302664279937744,1,0.2857,True,0.43054162741686347,43,0.086,low_entropy
101780,000000101780.jpg,6.30271577835083,1,1.0,True,0.4375754102463672,44,0.088,low_entropy
93154,000000093154.jpg,6.302718162536621,1,0.75,True,0.430372195214859,45,0.09,low_entropy
187362,000000187362.jpg,6.302743911743164,1,0.0,False,0.4236378124534855,46,0.092,low_entropy
472046,000000472046.jpg,6.303670406341553,1,0.1667,True,0.4262966469098295,47,0.094,low_entropy
120853,000000120853.jpg,6.303842544555664,1,0.0,False,0.43251939349522955,48,0.096,low_entropy
157418,000000157418.jpg,6.3040008544921875,1,0.5,True,0.4197248628740239,49,0.098,low_entropy
262440,000000262440.jpg,6.3040452003479,1,0.5,True,0.43197764168828495,50,0.1,low_entropy
49091,000000049091.jpg,6.304666996002197,1,1.0,True,0.4355532099206387,51,0.102,low_entropy
227686,000000227686.jpg,6.304731845855713,1,0.5,True,0.41305479299049525,52,0.104,low_entropy
161044,000000161044.jpg,6.304863929748535,1,0.0,False,0.4242298944088803,53,0.106,low_entropy
374369,000000374369.jpg,6.3050971031188965,1,0.0,False,0.4066821584154107,54,0.108,low_entropy
502732,000000502732.jpg,6.305300235748291,1,0.6667,True,0.43248521427444875,55,0.11,low_entropy
579902,000000579902.jpg,6.305450439453125,1,0.5,True,0.4217201575560901,56,0.112,low_entropy
63047,000000063047.jpg,6.305473327636719,1,0.6,True,0.4238749735227345,57,0.114,low_entropy
519611,000000519611.jpg,6.305654048919678,1,0.5,True,0.42464643017504666,58,0.116,low_entropy
174004,000000174004.jpg,6.305698871612549,1,0.5,True,0.41494630194434035,59,0.118,low_entropy
192964,000000192964.jpg,6.30581521987915,1,0.0,False,0.4219755153497905,60,0.12,low_entropy
147725,000000147725.jpg,6.306290626525879,1,0.25,True,0.4110495844519021,61,0.122,low_entropy
156924,000000156924.jpg,6.306466579437256,1,0.6667,True,0.41862308775967383,62,0.124,low_entropy
207538,000000207538.jpg,6.307207107543945,1,0.6667,True,0.42880741004481326,63,0.126,low_entropy
444275,000000444275.jpg,6.307572841644287,1,0.6667,True,0.41338114418394156,64,0.128,low_entropy
312263,000000312263.jpg,6.3081746101379395,1,0.0,False,0.4366585633114509,65,0.13,low_entropy
233370,000000233370.jpg,6.308351516723633,1,0.0,False,0.4141329241572539,66,0.132,low_entropy
217948,000000217948.jpg,6.3086371421813965,1,0.0,False,0.4246616348895389,67,0.134,low_entropy
368294,000000368294.jpg,6.308811187744141,1,0.3333,True,0.42537043238879063,68,0.136,low_entropy
526728,000000526728.jpg,6.308954238891602,1,0.0,False,0.4296747010385885,69,0.138,low_entropy
447088,000000447088.jpg,6.309081077575684,1,0.3333,True,0.4254081683078349,70,0.14,low_entropy
252701,000000252701.jpg,6.30918025970459,1,0.3333,True,0.41316765300684577,71,0.142,low_entropy
514376,000000514376.jpg,6.309202194213867,1,1.0,True,0.43163301181365804,72,0.144,low_entropy
231879,000000231879.jpg,6.309206962585449,1,0.3333,True,0.43509962864132107,73,0.146,low_entropy
185472,000000185472.jpg,6.309421062469482,1,0.25,True,0.43709141047561734,74,0.148,low_entropy
22479,000000022479.jpg,6.309588432312012,1,0.5,True,0.41496633161081303,75,0.15,low_entropy
107087,000000107087.jpg,6.31007719039917,1,0.0,False,0.4414477066987066,76,0.152,low_entropy
384808,000000384808.jpg,6.31009578704834,1,0.25,True,0.4344928391498683,77,0.154,low_entropy
534601,000000534601.jpg,6.310160160064697,1,0.75,True,0.4287917139233396,78,0.156,low_entropy
248752,000000248752.jpg,6.310197353363037,1,0.3333,True,0.4161495677927873,79,0.158,low_entropy
59635,000000059635.jpg,6.310408592224121,1,0.0,False,0.42673277694284223,80,0.16,low_entropy
166563,000000166563.jpg,6.310480117797852,1,0.0,False,0.4131904489061272,81,0.162,low_entropy
65736,000000065736.jpg,6.310557842254639,1,0.0,False,0.4199469024407154,82,0.164,low_entropy
573391,000000573391.jpg,6.310601234436035,1,0.0,False,0.42058137233494564,83,0.166,low_entropy
133567,000000133567.jpg,6.310676574707031,1,0.3333,True,0.4269921684835703,84,0.168,low_entropy
544519,000000544519.jpg,6.3106794357299805,1,0.3333,True,0.42237234146104813,85,0.17,low_entropy
145597,000000145597.jpg,6.310906410217285,1,0.625,True,0.4344420144653986,86,0.172,low_entropy
422706,000000422706.jpg,6.3110809326171875,1,0.0,False,0.4422267601952512,87,0.174,low_entropy
498807,000000498807.jpg,6.311084747314453,1,0.0,False,0.41230833174306164,88,0.176,low_entropy
562243,000000562243.jpg,6.3113789558410645,1,0.0,False,0.4233648191246942,89,0.178,low_entropy
470173,000000470173.jpg,6.311433792114258,1,1.0,True,0.423833478138552,90,0.18,low_entropy
260106,000000260106.jpg,6.311888694763184,1,0.0,False,0.4263285209018659,91,0.182,low_entropy
290592,000000290592.jpg,6.311915397644043,1,0.5,True,0.4168323238617748,92,0.184,low_entropy
195165,000000195165.jpg,6.312032699584961,1,0.0,False,0.4222097199998456,93,0.186,low_entropy
324258,000000324258.jpg,6.312033176422119,1,0.25,True,0.4278530493786852,94,0.188,low_entropy
10092,000000010092.jpg,6.312033653259277,1,0.75,True,0.43856521767615986,95,0.19,low_entropy
394328,000000394328.jpg,6.312047481536865,1,0.0,False,0.4252348350396335,96,0.192,low_entropy
172595,000000172595.jpg,6.312191963195801,1,0.25,True,0.41860486271119446,97,0.194,low_entropy
89697,000000089697.jpg,6.312209129333496,1,0.0,False,0.43657915004781234,98,0.196,low_entropy
96549,000000096549.jpg,6.312344551086426,1,0.5,True,0.4206239630566381,99,0.198,low_entropy
46378,000000046378.jpg,6.31235408782959,1,0.0,False,0.4340774629182741,100,0.2,low_entropy
439426,000000439426.jpg,6.312564849853516,1,0.6,True,0.42407670167909595,101,0.202,low_entropy
361571,000000361571.jpg,6.312618255615234,1,0.0,False,0.41890764644839507,102,0.204,low_entropy
325838,000000325838.jpg,6.312705993652344,1,0.2857,True,0.43278982171309804,103,0.206,low_entropy
120420,000000120420.jpg,6.312747955322266,1,0.3333,True,0.41889861634047004,104,0.208,low_entropy
458325,000000458325.jpg,6.312836647033691,1,0.5,True,0.42882215815050956,105,0.21,low_entropy
271457,000000271457.jpg,6.312893867492676,1,0.5,True,0.44230077148095837,106,0.212,low_entropy
269316,000000269316.jpg,6.312922477722168,1,0.0,False,0.42688505072849614,107,0.214,low_entropy
578093,000000578093.jpg,6.313016414642334,1,0.3333,True,0.434888785833102,108,0.216,low_entropy
400044,000000400044.jpg,6.313058853149414,1,0.0,False,0.4120813495241123,109,0.218,low_entropy
38210,000000038210.jpg,6.313122749328613,1,0.0,False,0.41893590943196474,110,0.22,low_entropy
350019,000000350019.jpg,6.313129425048828,1,0.5,True,0.42795222784412656,111,0.222,low_entropy
117197,000000117197.jpg,6.313163757324219,1,0.5,True,0.4218857837446767,112,0.224,low_entropy
157046,000000157046.jpg,6.313238143920898,1,0.5,True,0.42423418465836077,113,0.226,low_entropy
232244,000000232244.jpg,6.313342571258545,1,0.0,False,0.41301785884572906,114,0.228,low_entropy
458054,000000458054.jpg,6.313359260559082,1,0.0,False,0.4321091798618722,115,0.23,low_entropy
43314,000000043314.jpg,6.313392162322998,1,0.3333,True,0.4322839430372581,116,0.232,low_entropy
494759,000000494759.jpg,6.313464164733887,1,0.0,False,0.4196514069778369,117,0.234,low_entropy
52007,000000052007.jpg,6.313887596130371,1,0.5,True,0.42711458122275925,118,0.236,low_entropy
520324,000000520324.jpg,6.313928604125977,1,0.3333,True,0.4116532274047494,119,0.238,low_entropy
530624,000000530624.jpg,6.313993453979492,1,0.0,False,0.42089568763762786,120,0.24,low_entropy
452321,000000452321.jpg,6.314052581787109,1,0.6667,True,0.42917025162228534,121,0.242,low_entropy
377635,000000377635.jpg,6.314089775085449,1,0.3333,True,0.4260952244204053,122,0.244,low_entropy
309484,000000309484.jpg,6.314098358154297,1,0.25,True,0.42845974350970983,123,0.246,low_entropy
147338,000000147338.jpg,6.314099311828613,1,0.5,True,0.42297893381626184,124,0.248,low_entropy
581781,000000581781.jpg,6.31411600112915,1,1.0,True,0.43075355260294507,125,0.25,low_entropy
248400,000000248400.jpg,6.314149379730225,2,0.6,True,0.4452506470713598,126,0.252,mid_low
117492,000000117492.jpg,6.314265251159668,2,0.5,True,0.4345904483642531,127,0.254,mid_low
231580,000000231580.jpg,6.314266204833984,2,0.0,False,0.4150051172038633,128,0.256,mid_low
53624,000000053624.jpg,6.314366340637207,2,0.5,True,0.42632401533381964,129,0.258,mid_low
376093,000000376093.jpg,6.314371109008789,2,0.5714,True,0.43226452736118426,130,0.26,mid_low
515577,000000515577.jpg,6.314401626586914,2,0.0,False,0.42840548629766556,131,0.262,mid_low
404191,000000404191.jpg,6.314477920532227,2,0.5,True,0.4465352530716204,132,0.264,mid_low
94185,000000094185.jpg,6.314495086669922,2,0.5,True,0.43359067724776895,133,0.266,mid_low
453001,000000453001.jpg,6.314540386199951,2,0.5,True,0.4220559471550757,134,0.268,mid_low
243867,000000243867.jpg,6.314599990844727,2,0.25,True,0.4320419511359708,135,0.27,mid_low
125472,000000125472.jpg,6.314628601074219,2,0.0,False,0.42905413625227057,136,0.272,mid_low
415882,000000415882.jpg,6.314630031585693,2,0.6,True,0.43779918224332853,137,0.274,mid_low
427649,000000427649.jpg,6.314700126647949,2,0.0,False,0.43162246635671114,138,0.276,mid_low
217753,000000217753.jpg,6.314727783203125,2,1.0,True,0.4334598340057982,139,0.278,mid_low
48396,000000048396.jpg,6.31489372253418,2,0.1429,True,0.4387811096525753,140,0.28,mid_low
1993,000000001993.jpg,6.315020561218262,2,0.4,True,0.42883802201587284,141,0.282,mid_low
256195,000000256195.jpg,6.315034866333008,2,0.6667,True,0.4249194352692869,142,0.284,mid_low
785,000000000785.jpg,6.315053462982178,2,0.0,False,0.4192528023758627,143,0.286,mid_low
274460,000000274460.jpg,6.315054893493652,2,0.0,False,0.43216628456987477,144,0.288,mid_low
580294,000000580294.jpg,6.315303802490234,2,0.2857,True,0.4336044159343111,145,0.29,mid_low
131938,000000131938.jpg,6.31544303894043,2,0.5,True,0.42284068001884956,146,0.292,mid_low
431568,000000431568.jpg,6.315493583679199,2,0.3333,True,0.4322330082226155,147,0.294,mid_low
130613,000000130613.jpg,6.3154988288879395,2,0.0,False,0.4290137341439244,148,0.296,mid_low
20992,000000020992.jpg,6.315567970275879,2,0.6,True,0.43387564126346767,149,0.298,mid_low
374083,000000374083.jpg,6.3155717849731445,2,0.5714,True,0.44335736821713967,150,0.3,mid_low
151857,000000151857.jpg,6.315594673156738,2,0.5,True,0.4269934541345605,151,0.302,mid_low
109827,000000109827.jpg,6.315649509429932,2,0.6667,True,0.4236390824574384,152,0.304,mid_low
383921,000000383921.jpg,6.315730094909668,2,0.0,False,0.4279067905664054,153,0.306,mid_low
121242,000000121242.jpg,6.315760135650635,2,0.0,False,0.4291021982551856,154,0.308,mid_low
81766,000000081766.jpg,6.315771579742432,2,0.5,True,0.4218999713681613,155,0.31,mid_low
104572,000000104572.jpg,6.315981388092041,2,0.6667,True,0.43135121999418774,156,0.312,mid_low
561009,000000561009.jpg,6.316164970397949,2,0.0,False,0.43163997459305004,157,0.314,mid_low
225757,000000225757.jpg,6.3163371086120605,2,0.375,True,0.43002372417049034,158,0.316,mid_low
528705,000000528705.jpg,6.316337585449219,2,0.5,True,0.43021085870044334,159,0.318,mid_low
119911,000000119911.jpg,6.316356182098389,2,0.3333,True,0.4259733862046454,160,0.32,mid_low
30675,000000030675.jpg,6.316403865814209,2,0.6667,True,0.41713509997829934,161,0.322,mid_low
173830,000000173830.jpg,6.316534042358398,2,0.0,False,0.41942177659896623,162,0.324,mid_low
226408,000000226408.jpg,6.316539287567139,2,0.0,False,0.43687081412367634,163,0.326,mid_low
427997,000000427997.jpg,6.316550254821777,2,0.3333,True,0.4263270251428206,164,0.328,mid_low
352760,000000352760.jpg,6.316957473754883,2,0.0,False,0.4075534982546488,165,0.33,mid_low
249643,000000249643.jpg,6.316986083984375,2,0.3333,True,0.42505310268604285,166,0.332,mid_low
365098,000000365098.jpg,6.317207336425781,2,0.5,True,0.423063321251708,167,0.334,mid_low
429690,000000429690.jpg,6.317216396331787,2,0.2,True,0.43374378079342696,168,0.336,mid_low
198489,000000198489.jpg,6.317259311676025,2,0.0,False,0.4227577076986395,169,0.338,mid_low
213171,000000213171.jpg,6.317322731018066,2,0.6,True,0.41400877933540975,170,0.34,mid_low
125850,000000125850.jpg,6.317352771759033,2,0.3333,True,0.43805963365062756,171,0.342,mid_low
51309,000000051309.jpg,6.317354202270508,2,0.0,False,0.41720524429054257,172,0.344,mid_low
576955,000000576955.jpg,6.3173604011535645,2,0.3333,True,0.4204136952715999,173,0.346,mid_low
567886,000000567886.jpg,6.317401885986328,2,0.5,True,0.43069435637131037,174,0.348,mid_low
220584,000000220584.jpg,6.31755256652832,2,0.0,False,0.4152676896779366,175,0.35,mid_low
67180,000000067180.jpg,6.3176774978637695,2,0.5,True,0.41630939412721846,176,0.352,mid_low
465129,000000465129.jpg,6.317746162414551,2,0.25,True,0.430043791912012,177,0.354,mid_low
158660,000000158660.jpg,6.318082809448242,2,0.5714,True,0.42914565320621706,178,0.356,mid_low
119365,000000119365.jpg,6.318231582641602,2,0.6667,True,0.43568498039485126,179,0.358,mid_low
209613,000000209613.jpg,6.31827449798584,2,0.0,False,0.4263480949432385,180,0.36,mid_low
280918,000000280918.jpg,6.3182783126831055,2,0.8571,True,0.4326853719076143,181,0.362,mid_low
287959,000000287959.jpg,6.318404674530029,2,0.75,True,0.433665793353051,182,0.364,mid_low
236166,000000236166.jpg,6.318465232849121,2,0.0,False,0.43906691355537597,183,0.366,mid_low
232348,000000232348.jpg,6.318569183349609,2,0.8889,True,0.42979713361125865,184,0.368,mid_low
548339,000000548339.jpg,6.3186845779418945,2,0.5,True,0.4231010944052427,185,0.37,mid_low
499622,000000499622.jpg,6.318713188171387,2,0.5,True,0.4143961481515498,186,0.372,mid_low
168593,000000168593.jpg,6.318732261657715,2,0.0,False,0.434945765282492,187,0.374,mid_low
385190,000000385190.jpg,6.318760871887207,2,0.3333,True,0.4266108314131328,188,0.376,mid_low
250758,000000250758.jpg,6.318841457366943,2,0.5,True,0.42155577266353084,189,0.378,mid_low
100428,000000100428.jpg,6.318910598754883,2,0.0,False,0.4332309508693435,190,0.38,mid_low
121417,000000121417.jpg,6.318937301635742,2,0.1667,True,0.42395135006201307,191,0.382,mid_low
327306,000000327306.jpg,6.318950653076172,2,0.0,False,0.4366927719102809,192,0.384,mid_low
256518,000000256518.jpg,6.318963050842285,2,0.6667,True,0.44064450721581566,193,0.386,mid_low
245915,000000245915.jpg,6.318980693817139,2,1.0,True,0.42566079987206706,194,0.388,mid_low
426329,000000426329.jpg,6.319030284881592,2,1.0,True,0.42436559782832317,195,0.39,mid_low
153529,000000153529.jpg,6.319128513336182,2,0.3333,True,0.42200940738926995,196,0.392,mid_low
347265,000000347265.jpg,6.319170951843262,2,0.0,False,0.42686304241614154,197,0.394,mid_low
343934,000000343934.jpg,6.319171905517578,2,0.0,False,0.424602061525291,198,0.396,mid_low
11149,000000011149.jpg,6.319192409515381,2,0.3333,True,0.42776528966523064,199,0.398,mid_low
89648,000000089648.jpg,6.319215774536133,2,0.5,True,0.4272146500911156,200,0.4,mid_low
335328,000000335328.jpg,6.3192315101623535,2,0.0,False,0.423887118977156,201,0.402,mid_low
243199,000000243199.jpg,6.319287300109863,2,0.3333,True,0.4426785280412465,202,0.404,mid_low
238410,000000238410.jpg,6.31930685043335,2,0.3333,True,0.42554780401677317,203,0.406,mid_low
162858,000000162858.jpg,6.319350719451904,2,0.0,False,0.42244480072848684,204,0.408,mid_low
535523,000000535523.jpg,6.319360733032227,2,0.0,False,0.4289182809783348,205,0.41,mid_low
561256,000000561256.jpg,6.319403648376465,2,0.5,True,0.43149594596110796,206,0.412,mid_low
503855,000000503855.jpg,6.3194122314453125,2,0.6667,True,0.42119306043181115,207,0.414,mid_low
268000,000000268000.jpg,6.319446563720703,2,0.0,False,0.4333784828746772,208,0.416,mid_low
325031,000000325031.jpg,6.319518566131592,2,0.0,False,0.4317785601446881,209,0.418,mid_low
134034,000000134034.jpg,6.319523811340332,2,0.5,True,0.43717411245539134,210,0.421,mid_low
137294,000000137294.jpg,6.319523811340332,2,0.6,True,0.4309741256556354,210,0.421,mid_low
398377,000000398377.jpg,6.319561004638672,2,0.4286,True,0.42799417259010086,212,0.424,mid_low
532761,000000532761.jpg,6.319573879241943,2,0.4444,True,0.4277269315345213,213,0.426,mid_low
401446,000000401446.jpg,6.319614887237549,2,0.0,False,0.4170071475858896,214,0.428,mid_low
200252,000000200252.jpg,6.319663047790527,2,0.5,True,0.4301423128752128,215,0.43,mid_low
331317,000000331317.jpg,6.3197479248046875,2,0.0,False,0.4283822958964595,216,0.432,mid_low
302536,000000302536.jpg,6.319766044616699,2,0.5,True,0.42731578828202904,217,0.434,mid_low
485027,000000485027.jpg,6.319917678833008,2,0.0,False,0.414842482327842,218,0.436,mid_low
358427,000000358427.jpg,6.319985389709473,2,0.3333,True,0.4242381845027757,219,0.438,mid_low
369081,000000369081.jpg,6.320133209228516,2,0.0,False,0.4161530111080634,220,0.44,mid_low
421060,000000421060.jpg,6.3201518058776855,2,0.5,True,0.42482408016778206,221,0.442,mid_low
416256,000000416256.jpg,6.320160865783691,2,0.6,True,0.4293435909332295,222,0.444,mid_low
501023,000000501023.jpg,6.320178985595703,2,0.75,True,0.4260287613656255,223,0.446,mid_low
186624,000000186624.jpg,6.320199012756348,2,0.0,False,0.42740661917668,224,0.448,mid_low
246522,000000246522.jpg,6.320349216461182,2,0.5,True,0.43100238233885646,225,0.45,mid_low
288762,000000288762.jpg,6.320375442504883,2,0.3333,True,0.43053291233302743,226,0.452,mid_low
186980,000000186980.jpg,6.320486068725586,2,0.1667,True,0.4280097591022681,227,0.454,mid_low
283318,000000283318.jpg,6.320497035980225,2,0.4,True,0.4246660122647976,228,0.456,mid_low
565776,000000565776.jpg,6.320559501647949,2,0.3333,True,0.42675919191697775,229,0.458,mid_low
215259,000000215259.jpg,6.320592880249023,2,0.3333,True,0.4310051269804851,230,0.46,mid_low
284698,000000284698.jpg,6.320685386657715,2,0.0,False,0.4232620019774678,231,0.462,mid_low
475678,000000475678.jpg,6.320688247680664,2,0.6667,True,0.4323734133015912,232,0.464,mid_low
350679,000000350679.jpg,6.3207478523254395,2,0.0,False,0.41510763248039906,233,0.466,mid_low
236721,000000236721.jpg,6.320815086364746,2,0.4,True,0.4315991498584666,234,0.468,mid_low
104669,000000104669.jpg,6.3208208084106445,2,0.0,False,0.4400365484111583,235,0.47,mid_low
328601,000000328601.jpg,6.3208909034729,2,0.0,False,0.4240758772679887,236,0.472,mid_low
429718,000000429718.jpg,6.320945739746094,2,0.0,False,0.42898987255480536,237,0.474,mid_low
250619,000000250619.jpg,6.321161270141602,2,0.25,True,0.4167561740707721,238,0.476,mid_low
170474,000000170474.jpg,6.321168899536133,2,0.25,True,0.43183652089249974,239,0.478,mid_low
41990,000000041990.jpg,6.321190357208252,2,0.3333,True,0.4188364159096298,240,0.48,mid_low
93717,000000093717.jpg,6.321260929107666,2,0.5,True,0.42952172203748606,241,0.482,mid_low
313454,000000313454.jpg,6.321267604827881,2,0.25,True,0.43098478555427194,242,0.484,mid_low
378284,000000378284.jpg,6.321269989013672,2,0.2,True,0.42575035362461366,243,0.486,mid_low
548555,000000548555.jpg,6.321324348449707,2,0.5,True,0.43086391599431584,244,0.488,mid_low
872,000000000872.jpg,6.321441650390625,2,0.25,True,0.42481440866835296,245,0.49,mid_low
370270,000000370270.jpg,6.321640491485596,2,0.5,True,0.43186863176985973,246,0.492,mid_low
18150,000000018150.jpg,6.321715354919434,2,0.2,True,0.42680304594063284,247,0.494,mid_low
143931,000000143931.jpg,6.321812629699707,2,0.0,False,0.43297068323460486,248,0.496,mid_low
528399,000000528399.jpg,6.3218536376953125,2,0.1667,True,0.42855721786973555,249,0.498,mid_low
206994,000000206994.jpg,6.3218841552734375,2,0.5,True,0.4202652595978994,250,0.5,mid_low
521052,000000521052.jpg,6.32192325592041,3,0.5,True,0.43286792985219535,251,0.502,mid_high
479912,000000479912.jpg,6.321954727172852,3,0.0,False,0.41459164206305366,252,0.504,mid_high
244181,000000244181.jpg,6.322052478790283,3,0.4,True,0.4342840638400818,253,0.506,mid_high
415536,000000415536.jpg,6.3221588134765625,3,0.5,True,0.4177551226186004,254,0.508,mid_high
49761,000000049761.jpg,6.322170257568359,3,0.0,False,0.423511336629708,255,0.51,mid_high
69213,000000069213.jpg,6.322176456451416,3,0.5,True,0.43382745566932973,256,0.512,mid_high
542856,000000542856.jpg,6.322248458862305,3,0.6,True,0.42336459976861807,257,0.514,mid_high
163640,000000163640.jpg,6.322268962860107,3,0.0,False,0.43195023714615133,258,0.516,mid_high
295797,000000295797.jpg,6.322419166564941,3,0.0,False,0.414243463295187,259,0.518,mid_high
494869,000000494869.jpg,6.322551250457764,3,0.5714,True,0.4215985458107105,260,0.52,mid_high
489014,000000489014.jpg,6.322572708129883,3,0.0,False,0.4312113543734964,261,0.522,mid_high
164637,000000164637.jpg,6.322573184967041,3,0.6667,True,0.4330109088228806,262,0.524,mid_high
284762,000000284762.jpg,6.322577476501465,3,0.6667,True,0.42033802799273534,263,0.526,mid_high
563882,000000563882.jpg,6.322614669799805,3,0.0,False,0.4269923116985554,264,0.528,mid_high
474164,000000474164.jpg,6.322729110717773,3,0.5,True,0.437447346047084,265,0.53,mid_high
170278,000000170278.jpg,6.32274055480957,3,0.5,True,0.43158305800434804,266,0.532,mid_high
16439,000000016439.jpg,6.323009490966797,3,0.8571,True,0.4281654296818442,267,0.534,mid_high
331075,000000331075.jpg,6.323019027709961,3,0.0,False,0.421421207113071,268,0.536,mid_high
109118,000000109118.jpg,6.3231048583984375,3,0.25,True,0.4242605435551043,269,0.538,mid_high
433243,000000433243.jpg,6.3231201171875,3,0.3333,True,0.4296467842826996,270,0.54,mid_high
211674,000000211674.jpg,6.323173522949219,3,0.25,True,0.43163811436311994,271,0.542,mid_high
142620,000000142620.jpg,6.323174476623535,3,0.5714,True,0.4251047819742174,272,0.544,mid_high
179898,000000179898.jpg,6.323262691497803,3,0.3333,True,0.42673316519063,273,0.546,mid_high
578545,000000578545.jpg,6.323304176330566,3,0.2,True,0.4239181170783312,274,0.548,mid_high
129945,000000129945.jpg,6.323348045349121,3,0.25,True,0.43216019188456256,275,0.55,mid_high
97230,000000097230.jpg,6.323365688323975,3,0.0,False,0.4149263718730348,276,0.552,mid_high
323709,000000323709.jpg,6.323420524597168,3,0.5,True,0.4251716145149938,277,0.554,mid_high
509258,000000509258.jpg,6.323498725891113,3,1.0,True,0.4213605508479954,278,0.556,mid_high
243204,000000243204.jpg,6.323569297790527,3,0.6,True,0.43087209791350123,279,0.558,mid_high
271728,000000271728.jpg,6.3237504959106445,3,0.4545,True,0.4314626800634476,280,0.56,mid_high
130599,000000130599.jpg,6.323830604553223,3,0.5,True,0.4230912185225385,281,0.562,mid_high
419379,000000419379.jpg,6.323918342590332,3,1.0,True,0.4292934781965732,282,0.564,mid_high
13291,000000013291.jpg,6.324216365814209,3,0.0,False,0.4168545533576741,283,0.566,mid_high
317999,000000317999.jpg,6.324292182922363,3,0.5714,True,0.43023393797658477,284,0.568,mid_high
23272,000000023272.jpg,6.324587345123291,3,0.3333,True,0.43151409445248606,285,0.57,mid_high
255912,000000255912.jpg,6.324592590332031,3,0.3333,True,0.4361184480814177,286,0.572,mid_high
414340,000000414340.jpg,6.324618816375732,3,0.75,True,0.4365179249325651,287,0.574,mid_high
458255,000000458255.jpg,6.324641227722168,3,0.0,False,0.4176069683218468,288,0.576,mid_high
136633,000000136633.jpg,6.3246588706970215,3,0.3333,True,0.43287815727556406,289,0.578,mid_high
175251,000000175251.jpg,6.3246941566467285,3,0.3333,True,0.42375242018613407,290,0.58,mid_high
127476,000000127476.jpg,6.324740409851074,3,0.6667,True,0.43553094601509723,291,0.582,mid_high
530146,000000530146.jpg,6.324872016906738,3,0.2,True,0.43512464714806937,292,0.584,mid_high
475779,000000475779.jpg,6.324930667877197,3,0.0,False,0.4168318286120086,293,0.586,mid_high
90062,000000090062.jpg,6.324954032897949,3,0.0,False,0.41096625338667353,294,0.588,mid_high
129135,000000129135.jpg,6.324959754943848,3,0.6667,True,0.41452296022596585,295,0.59,mid_high
411938,000000411938.jpg,6.324986457824707,3,0.25,True,0.4215159210121584,296,0.592,mid_high
463037,000000463037.jpg,6.325007438659668,3,0.5,True,0.42794879989381135,297,0.594,mid_high
561679,000000561679.jpg,6.325071811676025,3,0.5,True,0.4312671140413306,298,0.596,mid_high
19432,000000019432.jpg,6.325105667114258,3,0.0,False,0.4295639456526268,299,0.598,mid_high
567640,000000567640.jpg,6.325112342834473,3,0.0,False,0.41776388397636355,300,0.6,mid_high
209747,000000209747.jpg,6.325206756591797,3,0.8,True,0.42561799710162845,301,0.602,mid_high
233771,000000233771.jpg,6.325207710266113,3,0.3333,True,0.431061000778212,302,0.604,mid_high
267351,000000267351.jpg,6.32520866394043,3,0.0,False,0.4235009092446062,303,0.606,mid_high
193429,000000193429.jpg,6.325283050537109,3,0.0,False,0.41756128797770853,304,0.608,mid_high
414133,000000414133.jpg,6.325339317321777,3,0.75,True,0.4171808472691945,305,0.61,mid_high
153632,000000153632.jpg,6.32542610168457,3,0.25,True,0.4176345621745237,306,0.612,mid_high
189820,000000189820.jpg,6.325432777404785,3,0.5,True,0.43137144273875605,307,0.614,mid_high
11615,000000011615.jpg,6.325624465942383,3,1.0,True,0.4317959201794941,308,0.616,mid_high
263644,000000263644.jpg,6.325691223144531,3,0.75,True,0.428454727630939,309,0.618,mid_high
289594,000000289594.jpg,6.325727462768555,3,0.0,False,0.424744852538597,310,0.62,mid_high
394940,000000394940.jpg,6.325740337371826,3,0.2,True,0.4366873610655594,311,0.622,mid_high
472678,000000472678.jpg,6.32582950592041,3,0.375,True,0.4282213737227365,312,0.624,mid_high
77396,000000077396.jpg,6.325866222381592,3,0.1667,True,0.4238705721951114,313,0.626,mid_high
35770,000000035770.jpg,6.325897216796875,3,0.6667,True,0.41957530891108014,314,0.628,mid_high
262938,000000262938.jpg,6.325935363769531,3,0.5,True,0.4274412611808388,315,0.63,mid_high
534041,000000534041.jpg,6.326018333435059,3,0.1667,True,0.42537950059056007,316,0.632,mid_high
563648,000000563648.jpg,6.326030731201172,3,0.0,False,0.42577496101361995,317,0.634,mid_high
378873,000000378873.jpg,6.326087951660156,3,0.0,False,0.4278820935978357,318,0.636,mid_high
358923,000000358923.jpg,6.326176166534424,3,0.4,True,0.42557737736561313,319,0.638,mid_high
288062,000000288062.jpg,6.326183795928955,3,0.75,True,0.43236588686123845,320,0.64,mid_high
280930,000000280930.jpg,6.32618522644043,3,0.5,True,0.4267825204643311,321,0.642,mid_high
451435,000000451435.jpg,6.326220512390137,3,0.0,False,0.44134534406035675,322,0.644,mid_high
90284,000000090284.jpg,6.326228141784668,3,0.3333,True,0.42885462381345796,323,0.646,mid_high
400367,000000400367.jpg,6.326499938964844,3,0.6667,True,0.4283626588573162,324,0.648,mid_high
442161,000000442161.jpg,6.326552867889404,3,0.25,True,0.4251486584170651,325,0.65,mid_high
445999,000000445999.jpg,6.326593399047852,3,0.0,False,0.4301755681383036,326,0.652,mid_high
360661,000000360661.jpg,6.326622486114502,3,0.3333,True,0.4176689209383326,327,0.654,mid_high
185157,000000185157.jpg,6.326632976531982,3,0.0,False,0.41716198737407834,328,0.656,mid_high
281447,000000281447.jpg,6.326645374298096,3,0.0,False,0.4274693162727605,329,0.658,mid_high
362682,000000362682.jpg,6.326688289642334,3,0.5,True,0.41731090230462436,330,0.66,mid_high
361238,000000361238.jpg,6.326693534851074,3,0.4,True,0.4306743843929812,331,0.662,mid_high
254016,000000254016.jpg,6.326724052429199,3,0.0,False,0.43035180432185055,332,0.664,mid_high
396274,000000396274.jpg,6.326827526092529,3,0.0,False,0.434080585138319,333,0.666,mid_high
153229,000000153229.jpg,6.326842308044434,3,0.3333,True,0.42122292032927805,334,0.668,mid_high
458992,000000458992.jpg,6.326948165893555,3,0.4286,True,0.4238088813380495,335,0.67,mid_high
489046,000000489046.jpg,6.326949596405029,3,0.0,False,0.43373550414020073,336,0.672,mid_high
461009,000000461009.jpg,6.327016830444336,3,0.6667,True,0.42482349963898186,337,0.674,mid_high
476119,000000476119.jpg,6.3270745277404785,3,0.0,False,0.42370644606024377,338,0.676,mid_high
33707,000000033707.jpg,6.327114105224609,3,1.0,True,0.4320555100465156,339,0.678,mid_high
224664,000000224664.jpg,6.327146530151367,3,0.5,True,0.43515301559141073,340,0.68,mid_high
47585,000000047585.jpg,6.327154159545898,3,0.3333,True,0.4209668838566332,341,0.682,mid_high
393014,000000393014.jpg,6.327206611633301,3,0.0,False,0.4278785340211008,342,0.684,mid_high
445658,000000445658.jpg,6.327214241027832,3,0.5,True,0.4234317700680049,343,0.686,mid_high
393226,000000393226.jpg,6.327259540557861,3,0.0,False,0.42733948319979825,344,0.688,mid_high
475484,000000475484.jpg,6.327322959899902,3,0.0,False,0.43049436027427,345,0.69,mid_high
189475,000000189475.jpg,6.327343940734863,3,0.0,False,0.42773154249840273,346,0.692,mid_high
427160,000000427160.jpg,6.3273539543151855,3,0.0,False,0.4372624213203693,347,0.694,mid_high
189752,000000189752.jpg,6.327360153198242,3,0.2,True,0.4304986987082965,348,0.696,mid_high
513688,000000513688.jpg,6.327410697937012,3,0.2,True,0.4294903228108291,349,0.698,mid_high
249786,000000249786.jpg,6.327578544616699,3,0.0,False,0.41606559368928375,350,0.7,mid_high
446574,000000446574.jpg,6.327705383300781,3,0.5,True,0.4342872843205012,351,0.702,mid_high
523229,000000523229.jpg,6.327741622924805,3,0.0,False,0.42334229819940083,352,0.704,mid_high
329455,000000329455.jpg,6.32775354385376,3,0.4286,True,0.4329127358929443,353,0.706,mid_high
237118,000000237118.jpg,6.327759742736816,3,0.3333,True,0.422265818022592,354,0.708,mid_high
106281,000000106281.jpg,6.327791213989258,3,0.5,True,0.4277851652020849,355,0.71,mid_high
519039,000000519039.jpg,6.327820777893066,3,0.8,True,0.42435008216152853,356,0.712,mid_high
218091,000000218091.jpg,6.327907562255859,3,0.5,True,0.4255427005296577,357,0.714,mid_high
461573,000000461573.jpg,6.327927589416504,3,0.5,True,0.430895937173106,358,0.716,mid_high
195918,000000195918.jpg,6.32795524597168,3,0.375,True,0.43618605423778267,359,0.718,mid_high
346232,000000346232.jpg,6.327959060668945,3,0.25,True,0.4183024925290348,360,0.72,mid_high
64499,000000064499.jpg,6.328015327453613,3,0.0,False,0.4255965359155569,361,0.722,mid_high
506454,000000506454.jpg,6.328036308288574,3,0.3333,True,0.42048492485215444,362,0.724,mid_high
97679,000000097679.jpg,6.328123569488525,3,0.3333,True,0.4185211257454192,363,0.726,mid_high
319935,000000319935.jpg,6.3282012939453125,3,0.1429,True,0.43263292077324794,364,0.728,mid_high
520659,000000520659.jpg,6.328221321105957,3,0.0,False,0.42412926009104446,365,0.73,mid_high
20553,000000020553.jpg,6.328248977661133,3,0.25,True,0.41396221184710813,366,0.732,mid_high
345385,000000345385.jpg,6.328333854675293,3,0.0,False,0.4305752553821461,367,0.734,mid_high
530836,000000530836.jpg,6.328376770019531,3,0.1429,True,0.4254901088942512,368,0.736,mid_high
360137,000000360137.jpg,6.328397750854492,3,0.3333,True,0.42768742885237937,369,0.738,mid_high
377723,000000377723.jpg,6.3284807205200195,3,0.3333,True,0.42430468231665813,370,0.74,mid_high
579307,000000579307.jpg,6.328525543212891,3,0.0,False,0.41565464357583437,371,0.742,mid_high
389197,000000389197.jpg,6.328526020050049,3,0.0,False,0.42366205860959505,372,0.744,mid_high
439525,000000439525.jpg,6.328616142272949,3,0.2,True,0.4251015806812665,373,0.746,mid_high
262631,000000262631.jpg,6.328774929046631,3,0.5,True,0.4380539265671849,374,0.748,mid_high
353096,000000353096.jpg,6.328804969787598,3,0.5,True,0.44072480454925916,375,0.75,mid_high
415741,000000415741.jpg,6.328889846801758,4,0.6,True,0.43308289025937735,376,0.752,high_entropy
311950,000000311950.jpg,6.328987121582031,4,0.6667,True,0.4271623261304126,377,0.754,high_entropy
571598,000000571598.jpg,6.329094886779785,4,0.25,True,0.42107485781784293,378,0.756,high_entropy
96001,000000096001.jpg,6.329278945922852,4,0.5,True,0.4232812298767244,379,0.758,high_entropy
252216,000000252216.jpg,6.329305171966553,4,0.0,False,0.43512996336290377,380,0.76,high_entropy
558558,000000558558.jpg,6.329444885253906,4,0.6667,True,0.42905863576720543,381,0.762,high_entropy
464144,000000464144.jpg,6.329479217529297,4,0.0,False,0.4262826793682769,382,0.764,high_entropy
415727,000000415727.jpg,6.329588413238525,4,0.5,True,0.4231768792926317,383,0.766,high_entropy
560371,000000560371.jpg,6.329589366912842,4,0.0,False,0.4212286391626152,384,0.768,high_entropy
296222,000000296222.jpg,6.330035209655762,4,0.3333,True,0.42016367328644155,385,0.77,high_entropy
402992,000000402992.jpg,6.330062389373779,4,0.0,False,0.41480055120376946,386,0.772,high_entropy
64462,000000064462.jpg,6.330097198486328,4,0.0,False,0.41710368114234275,387,0.774,high_entropy
189078,000000189078.jpg,6.330292701721191,4,0.5,True,0.4337137836334464,388,0.776,high_entropy
119516,000000119516.jpg,6.3304290771484375,4,0.0,False,0.43684585277198007,389,0.778,high_entropy
516173,000000516173.jpg,6.3304762840271,4,0.0,False,0.420719072680322,390,0.78,high_entropy
478474,000000478474.jpg,6.330598831176758,4,0.3333,True,0.41413834714018916,391,0.782,high_entropy
528578,000000528578.jpg,6.3306074142456055,4,0.3333,True,0.4222305391917616,392,0.784,high_entropy
553788,000000553788.jpg,6.330609321594238,4,0.5,True,0.42452583978486896,393,0.786,high_entropy
468124,000000468124.jpg,6.330655097961426,4,0.5,True,0.42498644900172794,394,0.788,high_entropy
376478,000000376478.jpg,6.330716133117676,4,0.5,True,0.43097991113163125,395,0.79,high_entropy
530162,000000530162.jpg,6.330953598022461,4,0.3333,True,0.4299466386094036,396,0.792,high_entropy
290293,000000290293.jpg,6.330988883972168,4,0.0,False,0.4359223965832953,397,0.794,high_entropy
24144,000000024144.jpg,6.33102560043335,4,0.5,True,0.4306823486551876,398,0.796,high_entropy
519522,000000519522.jpg,6.33104944229126,4,0.5,True,0.4301425256159925,399,0.798,high_entropy
209222,000000209222.jpg,6.3311686515808105,4,0.0,False,0.4257477482285342,400,0.8,high_entropy
241319,000000241319.jpg,6.331212043762207,4,0.0,False,0.4261356199753357,401,0.802,high_entropy
362716,000000362716.jpg,6.331530570983887,4,0.0,False,0.42742404361448244,402,0.804,high_entropy
239843,000000239843.jpg,6.331779956817627,4,0.0,False,0.41610595639269965,403,0.806,high_entropy
417285,000000417285.jpg,6.331829071044922,4,0.4,True,0.4322922127657589,404,0.808,high_entropy
198805,000000198805.jpg,6.3320722579956055,4,0.3333,True,0.42345939437858865,405,0.81,high_entropy
267903,000000267903.jpg,6.332076072692871,4,0.0,False,0.4313931811260703,406,0.812,high_entropy
1675,000000001675.jpg,6.332106590270996,4,0.5,True,0.4297796803219339,407,0.814,high_entropy
114871,000000114871.jpg,6.332121849060059,4,0.0,False,0.4262327154452416,408,0.816,high_entropy
562197,000000562197.jpg,6.332142353057861,4,0.6667,True,0.4293510645796451,409,0.818,high_entropy
545826,000000545826.jpg,6.332184791564941,4,0.6,True,0.42548558178814355,410,0.82,high_entropy
420230,000000420230.jpg,6.332189559936523,4,0.5,True,0.42531859876073835,411,0.822,high_entropy
126137,000000126137.jpg,6.332233428955078,4,0.0,False,0.43276956444340914,412,0.824,high_entropy
326174,000000326174.jpg,6.332273483276367,4,0.0,False,0.42455326665176224,413,0.826,high_entropy
146498,000000146498.jpg,6.332289695739746,4,1.0,True,0.4222069569646995,414,0.828,high_entropy
473121,000000473121.jpg,6.332328796386719,4,0.3333,True,0.4226200656231688,415,0.83,high_entropy
479126,000000479126.jpg,6.332542419433594,4,0.5,True,0.4391366072586748,416,0.832,high_entropy
45550,000000045550.jpg,6.332765102386475,4,0.4,True,0.4258536659873131,417,0.834,high_entropy
258388,000000258388.jpg,6.332849502563477,4,0.5,True,0.4286572977322228,418,0.836,high_entropy
546717,000000546717.jpg,6.33289098739624,4,0.1429,True,0.42381223326157424,419,0.838,high_entropy
516038,000000516038.jpg,6.33290958404541,4,0.0,False,0.4192156108505115,420,0.84,high_entropy
305609,000000305609.jpg,6.333028316497803,4,0.3333,True,0.4301115516343175,421,0.842,high_entropy
239318,000000239318.jpg,6.333146095275879,4,0.25,True,0.43360795576868155,422,0.844,high_entropy
305343,000000305343.jpg,6.333158016204834,4,1.0,True,0.43531783085008496,423,0.846,high_entropy
100274,000000100274.jpg,6.333234786987305,4,0.4,True,0.42813038820439275,424,0.848,high_entropy
8021,000000008021.jpg,6.333266258239746,4,0.3333,True,0.4295376434048368,425,0.85,high_entropy
555412,000000555412.jpg,6.333403587341309,4,0.6667,True,0.43056149296908697,426,0.852,high_entropy
386352,000000386352.jpg,6.3334174156188965,4,0.3333,True,0.423858099754935,427,0.854,high_entropy
542423,000000542423.jpg,6.333589553833008,4,0.0,False,0.426786707849915,428,0.856,high_entropy
180878,000000180878.jpg,6.333623886108398,4,0.5,True,0.41961629117878646,429,0.858,high_entropy
342367,000000342367.jpg,6.333669662475586,4,0.25,True,0.42966444458853753,430,0.86,high_entropy
136334,000000136334.jpg,6.33370304107666,4,0.0,False,0.42665136819217414,431,0.862,high_entropy
162130,000000162130.jpg,6.334023475646973,4,0.5,True,0.4330682553441124,432,0.864,high_entropy
447611,000000447611.jpg,6.334066390991211,4,0.5,True,0.42401191630244284,433,0.866,high_entropy
19924,000000019924.jpg,6.334104537963867,4,0.3333,True,0.42501246379215035,434,0.868,high_entropy
546556,000000546556.jpg,6.334280014038086,4,0.0,False,0.42099675902365835,435,0.87,high_entropy
173091,000000173091.jpg,6.334315299987793,4,0.4,True,0.4192266727057153,436,0.872,high_entropy
399764,000000399764.jpg,6.334414482116699,4,0.0,False,0.4304967284469565,437,0.874,high_entropy
413395,000000413395.jpg,6.3344221115112305,4,0.3333,True,0.4309685809564415,438,0.876,high_entropy
82807,000000082807.jpg,6.334478378295898,4,0.3333,True,0.4311531469992227,439,0.878,high_entropy
60102,000000060102.jpg,6.334769248962402,4,0.0,False,0.4276079750440614,440,0.88,high_entropy
402720,000000402720.jpg,6.334790229797363,4,0.3333,True,0.4238538924845499,441,0.882,high_entropy
22969,000000022969.jpg,6.33484411239624,4,0.5,True,0.4217666353383395,442,0.884,high_entropy
558114,000000558114.jpg,6.334872245788574,4,0.3333,True,0.43457624880181867,443,0.886,high_entropy
464251,000000464251.jpg,6.334917068481445,4,0.5,True,0.4299267499352025,444,0.888,high_entropy
157767,000000157767.jpg,6.334988594055176,4,0.25,True,0.4258817746803267,445,0.89,high_entropy
363072,000000363072.jpg,6.335023880004883,4,0.6667,True,0.4350852580951567,446,0.892,high_entropy
344795,000000344795.jpg,6.3355712890625,4,0.0,False,0.4245288229494447,447,0.894,high_entropy
31322,000000031322.jpg,6.335572242736816,4,0.0,False,0.4314175630143426,448,0.896,high_entropy
525247,000000525247.jpg,6.335578918457031,4,0.75,True,0.4295032832076483,449,0.898,high_entropy
128372,000000128372.jpg,6.335729122161865,4,0.5,True,0.421840535007389,450,0.9,high_entropy
262048,000000262048.jpg,6.335761547088623,4,0.0,False,0.42710536214701267,451,0.902,high_entropy
438774,000000438774.jpg,6.336009979248047,4,0.3333,True,0.4237262052145222,452,0.904,high_entropy
11051,000000011051.jpg,6.336174964904785,4,0.3333,True,0.4272391126202105,453,0.906,high_entropy
306582,000000306582.jpg,6.336176872253418,4,1.0,True,0.4224563502034421,454,0.908,high_entropy
279927,000000279927.jpg,6.336183071136475,4,0.0,False,0.42091692179653606,455,0.91,high_entropy
546011,000000546011.jpg,6.3361921310424805,4,1.0,True,0.4267157101916034,456,0.912,high_entropy
312406,000000312406.jpg,6.336277484893799,4,0.6667,True,0.4152345162985081,457,0.914,high_entropy
541055,000000541055.jpg,6.336352348327637,4,0.0,False,0.4284438765037516,458,0.916,high_entropy
423798,000000423798.jpg,6.3364458084106445,4,1.0,True,0.43414864209159276,459,0.918,high_entropy
527215,000000527215.jpg,6.336790084838867,4,0.0,False,0.42080706953466984,460,0.92,high_entropy
447314,000000447314.jpg,6.336907863616943,4,0.0,False,0.43204787144767176,461,0.922,high_entropy
334371,000000334371.jpg,6.337036609649658,4,0.25,True,0.42385102365087746,462,0.924,high_entropy
376278,000000376278.jpg,6.337299823760986,4,0.5,True,0.4162142601397639,463,0.926,high_entropy
259097,000000259097.jpg,6.3373637199401855,4,0.0,False,0.42071553106912957,464,0.928,high_entropy
212226,000000212226.jpg,6.337371826171875,4,0.3333,True,0.43015450871661776,465,0.93,high_entropy
480842,000000480842.jpg,6.337416648864746,4,0.0,False,0.4253162160131563,466,0.932,high_entropy
178982,000000178982.jpg,6.337435245513916,4,0.0,False,0.429380614405069,467,0.934,high_entropy
537153,000000537153.jpg,6.337464332580566,4,0.3333,True,0.42453329174196963,468,0.936,high_entropy
320696,000000320696.jpg,6.337541580200195,4,0.0,False,0.42715704132811405,469,0.938,high_entropy
17436,000000017436.jpg,6.337681293487549,4,0.5,True,0.42469620279282244,470,0.94,high_entropy
37777,000000037777.jpg,6.337700843811035,4,0.4,True,0.4289362971139361,471,0.942,high_entropy
39484,000000039484.jpg,6.3381500244140625,4,0.3333,True,0.4259440199038909,472,0.944,high_entropy
76468,000000076468.jpg,6.338164329528809,4,0.0,False,0.4292262288308807,473,0.946,high_entropy
493286,000000493286.jpg,6.3381733894348145,4,0.0,False,0.4248904566981118,474,0.948,high_entropy
1532,000000001532.jpg,6.3382368087768555,4,1.0,True,0.42803944009616024,475,0.95,high_entropy
63965,000000063965.jpg,6.33856201171875,4,0.5,True,0.4221879871628542,476,0.952,high_entropy
75456,000000075456.jpg,6.338637351989746,4,0.5,True,0.4390195216602302,477,0.954,high_entropy
60770,000000060770.jpg,6.338869094848633,4,0.5,True,0.4201315542554122,478,0.956,high_entropy
206135,000000206135.jpg,6.339056968688965,4,0.6667,True,0.42463000261385125,479,0.958,high_entropy
437351,000000437351.jpg,6.339297771453857,4,0.6,True,0.42879828146540716,480,0.96,high_entropy
163290,000000163290.jpg,6.339303970336914,4,0.3333,True,0.4232151778730961,481,0.962,high_entropy
154339,000000154339.jpg,6.339524745941162,4,0.0,False,0.43189637802792846,482,0.964,high_entropy
434230,000000434230.jpg,6.339622974395752,4,0.0,False,0.4197777251228886,483,0.966,high_entropy
308799,000000308799.jpg,6.339663982391357,4,0.625,True,0.42506048864111945,484,0.968,high_entropy
321214,000000321214.jpg,6.339835166931152,4,0.5,True,0.42596306321984356,485,0.97,high_entropy
575372,000000575372.jpg,6.340269088745117,4,0.0,False,0.4227089995508222,486,0.972,high_entropy
511760,000000511760.jpg,6.34038782119751,4,0.0,False,0.4347790852804653,487,0.974,high_entropy
528862,000000528862.jpg,6.34042501449585,4,0.0,False,0.4251985403990228,488,0.976,high_entropy
251140,000000251140.jpg,6.340737342834473,4,0.0,False,0.4237316492408037,489,0.978,high_entropy
201676,000000201676.jpg,6.340808868408203,4,1.0,True,0.41954782812993757,490,0.98,high_entropy
15335,000000015335.jpg,6.340841293334961,4,0.7778,True,0.41971677879647906,491,0.982,high_entropy
28285,000000028285.jpg,6.34085750579834,4,0.5,True,0.4221087388395911,492,0.984,high_entropy
521717,000000521717.jpg,6.34145450592041,4,0.25,True,0.42785644521367594,493,0.986,high_entropy
41488,000000041488.jpg,6.341493129730225,4,1.0,True,0.4315181133344507,494,0.988,high_entropy
419098,000000419098.jpg,6.34214973449707,4,0.5,True,0.42517720272656534,495,0.99,high_entropy
17959,000000017959.jpg,6.342221260070801,4,0.0,False,0.42239703723248634,496,0.992,high_entropy
119995,000000119995.jpg,6.3426008224487305,4,0.5,True,0.4276608309759876,497,0.994,high_entropy
1353,000000001353.jpg,6.343375205993652,4,0.0,False,0.4263508163794205,498,0.996,high_entropy
107094,000000107094.jpg,6.344059944152832,4,0.0,False,0.43416657731209624,499,0.998,high_entropy
544811,000000544811.jpg,6.346074104309082,4,0.0,False,0.42322443498325457,500,1.0,high_entropy
